{"accuracy": 0.8166666666666667, "roc_auc": 0.9006696428571429}