{"accuracy": 0.8666666666666667, "roc_auc": 0.9140625}