{"train": {"accuracy": 0.8818565400843882, "roc_auc": 0.9493262614678899}, "test": {"accuracy": 0.8333333333333334, "roc_auc": 0.9408482142857143}}